<?xml version="1.0" encoding="UTF-8" ?>

<!DOCTYPE module_updates PUBLIC "-//NetBeans//DTD Autoupdate Catalog 2.6//EN" "http://www.netbeans.org/dtds/autoupdate-catalog-2_6.dtd">
<module_updates timestamp="18/48/23/23/04/2014">



<module autoload="true" codenamebase="org.netbeans.modules.jellytools.ruby" distribution="org-netbeans-modules-jellytools-ruby.nbm" downloadsize="7700" homepage="" license="CF174EE3" moduleauthor="Thomas E. Enebo" needsrestart="false" releasedate="2014/04/23">
    <manifest AutoUpdate-Show-In-Client="false" OpenIDE-Module="org.netbeans.modules.jellytools.ruby/3" OpenIDE-Module-Implementation-Version="140423" OpenIDE-Module-Java-Dependencies="Java &gt; 1.6" OpenIDE-Module-Module-Dependencies="org.netbeans.libs.junit4 &gt; 1.5, org.netbeans.modules.jellytools.ide/3 &gt; 3.0, org.netbeans.modules.jellytools.platform/3 &gt; 3.0, org.netbeans.modules.jemmy/3 &gt; 3.1" OpenIDE-Module-Name="Jelly Tools Ruby" OpenIDE-Module-Requires="org.openide.modules.ModuleFormat1" OpenIDE-Module-Short-Description="Jelly Tools for Ruby" OpenIDE-Module-Specification-Version="3.5"/>
    
</module>

<module codenamebase="org.jruby.jruby" distribution="org-jruby-jruby.jar" downloadsize="18833620" targetcluster="updates">
    <manifest AutoUpdate-Show-In-Client="false" OpenIDE-Module="org.jruby.jruby" OpenIDE-Module-Name="JRuby 1.7.0" OpenIDE-Module-Short-Description="JRuby 1.7.0 OSGi bundle" OpenIDE-Module-Specification-Version="1.7.0"/>
</module>

<module_group name="Libraries">

<module autoload="true" codenamebase="org.netbeans.libs.jrubyparser" distribution="org-netbeans-libs-jrubyparser.nbm" downloadsize="244402" homepage="" license="CF174EE3" moduleauthor="Thomas E. Enebo" needsrestart="false" releasedate="2014/04/23">
    <manifest AutoUpdate-Essential-Module="true" AutoUpdate-Show-In-Client="false" OpenIDE-Module="org.netbeans.libs.jrubyparser/1" OpenIDE-Module-Display-Category="Libraries" OpenIDE-Module-Implementation-Version="1" OpenIDE-Module-Java-Dependencies="Java &gt; 1.6" OpenIDE-Module-Long-Description="This module bundles the JRuby parser" OpenIDE-Module-Module-Dependencies="org.netbeans.libs.yydebug/1 &gt; 1.0" OpenIDE-Module-Name="JRuby Parser" OpenIDE-Module-Requires="org.openide.modules.ModuleFormat1" OpenIDE-Module-Short-Description="This module bundles the JRuby parser" OpenIDE-Module-Specification-Version="1.0.1"/>
    
</module>

<module autoload="true" codenamebase="org.kxml2" distribution="org-kxml2.nbm" downloadsize="24534" homepage="" license="CF174EE3" moduleauthor="Thomas E. Enebo" needsrestart="false" releasedate="2014/04/23">
    <manifest AutoUpdate-Show-In-Client="false" OpenIDE-Module="org.kxml2/1" OpenIDE-Module-Display-Category="Libraries" OpenIDE-Module-Implementation-Version="140423" OpenIDE-Module-Java-Dependencies="Java &gt; 1.6" OpenIDE-Module-Name="kxml2 integration" OpenIDE-Module-Requires="org.openide.modules.ModuleFormat1" OpenIDE-Module-Short-Description="XML Pull Parser implementation" OpenIDE-Module-Specification-Version="1.9"/>
    
</module>

<module autoload="true" codenamebase="org.netbeans.libs.yydebug" distribution="org-netbeans-libs-yydebug.nbm" downloadsize="11970" homepage="" license="CF174EE3" moduleauthor="Thomas E. Enebo" needsrestart="false" releasedate="2014/04/23">
    <manifest AutoUpdate-Essential-Module="true" AutoUpdate-Show-In-Client="false" OpenIDE-Module="org.netbeans.libs.yydebug/1" OpenIDE-Module-Display-Category="Libraries" OpenIDE-Module-Implementation-Version="1" OpenIDE-Module-Java-Dependencies="Java &gt; 1.6" OpenIDE-Module-Long-Description="This module bundles the yydebug library" OpenIDE-Module-Name="yydebug" OpenIDE-Module-Requires="org.openide.modules.ModuleFormat1" OpenIDE-Module-Short-Description="This module bundles the yydebug library" OpenIDE-Module-Specification-Version="1.7.0.1"/>
    
</module>

</module_group>

<module_group name="Ruby">

<module autoload="true" codenamebase="org.rubyforge.debugcommons" distribution="org-rubyforge-debugcommons.nbm" downloadsize="26902" homepage="" license="CF174EE3" moduleauthor="Thomas E. Enebo" needsrestart="false" releasedate="2014/04/23">
    <manifest AutoUpdate-Show-In-Client="false" OpenIDE-Module="org.rubyforge.debugcommons/0" OpenIDE-Module-Display-Category="Ruby" OpenIDE-Module-Implementation-Version="140423" OpenIDE-Module-Java-Dependencies="Java &gt; 1.6" OpenIDE-Module-Long-Description="Library acts as intermediate between debug-commons (Ruby debugging backend) and the NetBeans Ruby Debugger module (frontend)." OpenIDE-Module-Module-Dependencies="org.kxml2/1 &gt; 1.0" OpenIDE-Module-Name="debug-commons-java integration" OpenIDE-Module-Requires="org.openide.modules.ModuleFormat1" OpenIDE-Module-Short-Description="Integration of debug-commons-java library" OpenIDE-Module-Specification-Version="1.44"/>
    
</module>

<module codenamebase="org.netbeans.modules.ruby.samples.depot" distribution="org-netbeans-modules-ruby-samples-depot.nbm" downloadsize="181284" homepage="" license="CF174EE3" moduleauthor="Thomas E. Enebo" needsrestart="false" releasedate="2014/04/23">
    <manifest AutoUpdate-Show-In-Client="false" OpenIDE-Module="org.netbeans.modules.ruby.samples.depot/1" OpenIDE-Module-Display-Category="Ruby" OpenIDE-Module-Implementation-Version="140423" OpenIDE-Module-Java-Dependencies="Java &gt; 1.6" OpenIDE-Module-Long-Description="Depot Sample Application." OpenIDE-Module-Module-Dependencies="org.jdesktop.layout/1 &gt; 1.4, org.netbeans.modules.projectapi/1 &gt; 1.13, org.netbeans.modules.projectuiapi/1 &gt; 1.24, org.openide.awt &gt; 6.11, org.openide.dialogs &gt; 7.8, org.openide.filesystems &gt; 7.3, org.openide.loaders &gt; 6.7, org.openide.util &gt; 8.0, org.openide.util.lookup &gt; 8.0" OpenIDE-Module-Name="Depot Sample" OpenIDE-Module-Requires="org.openide.modules.ModuleFormat1" OpenIDE-Module-Short-Description="Depot Sample Application" OpenIDE-Module-Specification-Version="1.9"/>
    
</module>

<module codenamebase="org.netbeans.modules.ruby.rhtml" distribution="org-netbeans-modules-ruby-rhtml.nbm" downloadsize="32767" homepage="" license="CF174EE3" moduleauthor="Thomas E. Enebo" needsrestart="false" releasedate="2014/04/23">
    <manifest AutoUpdate-Show-In-Client="false" OpenIDE-Module="org.netbeans.modules.ruby.rhtml/1" OpenIDE-Module-Display-Category="Ruby" OpenIDE-Module-Implementation-Version="140423" OpenIDE-Module-Java-Dependencies="Java &gt; 1.6" OpenIDE-Module-Module-Dependencies="org.netbeans.modules.csl.api/2 &gt; 2.1, org.netbeans.modules.editor/3 &gt; 1.42, org.netbeans.modules.editor.bracesmatching/0-1 &gt; 1.8, org.netbeans.modules.editor.codetemplates/1 = 1, org.netbeans.modules.editor.completion/1 &gt; 1.8, org.netbeans.modules.editor.indent/2 &gt; 1.5, org.netbeans.modules.editor.lib/2-3 &gt; 2.1, org.netbeans.modules.editor.lib2/1 &gt; 1.5, org.netbeans.modules.editor.mimelookup/1 &gt; 1.8, org.netbeans.modules.editor.settings/1 &gt; 1.12, org.netbeans.modules.editor.util/1, org.netbeans.modules.html.editor/2 &gt; 2.4.1, org.netbeans.modules.html.editor.lib/3 &gt; 3.6.1, org.netbeans.modules.html.lexer/1 &gt; 1.0, org.netbeans.modules.lexer/2 &gt; 1.25.0, org.netbeans.modules.options.editor/1 &gt; 1.20, org.netbeans.modules.parsing.api/1 &gt; 1.55, org.netbeans.modules.ruby/1 &gt; 1.0, org.openide.awt &gt; 6.11, org.openide.filesystems &gt; 7.19, org.openide.loaders &gt; 7.0, org.openide.modules &gt; 7.2, org.openide.nodes &gt; 7.0.1, org.openide.text &gt; 6.16, org.openide.util &gt; 8.0, org.openide.util.lookup &gt; 8.0, org.openide.windows &gt; 6.12" OpenIDE-Module-Name="Embedded Ruby (RHTML)" OpenIDE-Module-Requires="org.openide.modules.ModuleFormat1" OpenIDE-Module-Short-Description="RHTML support for Ruby" OpenIDE-Module-Specification-Version="0.74.0.1"/>
    
</module>

<module codenamebase="org.jruby.distro" distribution="org-jruby-distro.nbm" downloadsize="23968308" homepage="" license="CF174EE3" moduleauthor="Thomas E. Enebo" needsrestart="false" releasedate="2014/04/23">
    <manifest AutoUpdate-Show-In-Client="false" OpenIDE-Module="org.jruby.distro/1" OpenIDE-Module-Display-Category="Ruby" OpenIDE-Module-Implementation-Version="140423" OpenIDE-Module-Java-Dependencies="Java &gt; 1.4" OpenIDE-Module-Long-Description="Bundled distribution of JRuby and Ruby on Rails" OpenIDE-Module-Name="JRuby and Rails Distribution" OpenIDE-Module-Requires="org.openide.modules.ModuleFormat1" OpenIDE-Module-Short-Description="Bundled distribution of JRuby and Ruby on Rails" OpenIDE-Module-Specification-Version="0.121"/>
    
</module>

<module autoload="true" codenamebase="org.netbeans.modules.ruby.rakeproject" distribution="org-netbeans-modules-ruby-rakeproject.nbm" downloadsize="50070" homepage="" license="CF174EE3" moduleauthor="Thomas E. Enebo" needsrestart="false" releasedate="2014/04/23">
    <manifest AutoUpdate-Show-In-Client="false" OpenIDE-Module="org.netbeans.modules.ruby.rakeproject/1" OpenIDE-Module-Display-Category="Ruby" OpenIDE-Module-Implementation-Version="140423" OpenIDE-Module-Java-Dependencies="Java &gt; 1.6" OpenIDE-Module-Long-Description="Provides infrastructure and APIs for project types using the regular file layout and presumably doing Rake-based builds." OpenIDE-Module-Module-Dependencies="org.netbeans.api.progress/1, org.netbeans.modules.projectapi/1 &gt; 1.6, org.netbeans.modules.projectuiapi/1 &gt; 1.8, org.netbeans.modules.queries/1, org.openide.awt &gt; 6.2, org.openide.dialogs &gt; 6.2, org.openide.filesystems &gt; 6.2, org.openide.io &gt; 1.11, org.openide.loaders, org.openide.modules &gt; 6.2, org.openide.nodes &gt; 6.2, org.openide.util &gt; 8.4, org.openide.util.lookup &gt; 8.0, org.openide.windows &gt; 6.5" OpenIDE-Module-Name="Rake-Based Project Support" OpenIDE-Module-Requires="org.openide.modules.ModuleFormat1" OpenIDE-Module-Short-Description="Supports all project types based on Rake as a build tool." OpenIDE-Module-Specification-Version="0.23"/>
    
</module>

<module codenamebase="org.netbeans.modules.ruby.kit" distribution="org-netbeans-modules-ruby-kit.nbm" downloadsize="7874" homepage="" license="CF174EE3" moduleauthor="Thomas E. Enebo" needsrestart="false" releasedate="2014/04/23">
    <manifest AutoUpdate-Show-In-Client="true" OpenIDE-Module="org.netbeans.modules.ruby.kit/1" OpenIDE-Module-Display-Category="Ruby" OpenIDE-Module-Implementation-Version="140423" OpenIDE-Module-Java-Dependencies="Java &gt; 1.6" OpenIDE-Module-Long-Description="Ruby support: editing, projects, Rails, etc. For information on recent changes, see &lt;a href=&quot;http://wiki.netbeans.org/RubyRecentChanges&quot;&gt;http://wiki.netbeans.org/RubyRecentChanges&lt;/a&gt;.&lt;p&gt;For more information, see &lt;a href=&quot;http://wiki.netbeans.org/Ruby&quot;&gt;http://wiki.netbeans.org/Ruby&lt;/a&gt;." OpenIDE-Module-Module-Dependencies="org.jruby.distro/1 &gt; 0.115, org.kxml2/1 &gt; 1.0, org.netbeans.modules.db.kit &gt; 1.4, org.netbeans.modules.ide.kit &gt; 1.0, org.netbeans.modules.ruby/1 &gt; 0.82, org.netbeans.modules.ruby.codecoverage &gt; 1.0, org.netbeans.modules.ruby.debugger &gt; 0.97, org.netbeans.modules.ruby.extrahints/1 &gt; 0.40, org.netbeans.modules.ruby.help &gt; 0.5, org.netbeans.modules.ruby.hints/1 &gt; 0.30, org.netbeans.modules.ruby.javaint/1 &gt; 0.30, org.netbeans.modules.ruby.platform/1 &gt; 0.37, org.netbeans.modules.ruby.project/1 &gt; 0.79, org.netbeans.modules.ruby.railsprojects/1 &gt; 0.69, org.netbeans.modules.ruby.rakeproject/1 &gt; 0.11, org.netbeans.modules.ruby.refactoring/1 &gt; 0.56, org.netbeans.modules.ruby.rhtml/1 &gt; 0.57.0, org.netbeans.modules.ruby.samples.depot/1 &gt; 1.1, org.rubyforge.debugcommons/0-1 &gt; 1.16" OpenIDE-Module-Name="Ruby and Rails" OpenIDE-Module-Recommends="org.netbeans.modules.web.client.tools.kit" OpenIDE-Module-Requires="org.openide.modules.ModuleFormat1" OpenIDE-Module-Short-Description="An umbrella module covering all modules required for Ruby support: editing, projects, Rails, etc." OpenIDE-Module-Specification-Version="0.111"/>
    
</module>

<module codenamebase="org.netbeans.modules.ruby.codecoverage" distribution="org-netbeans-modules-ruby-codecoverage.nbm" downloadsize="13611" homepage="" license="CF174EE3" moduleauthor="Thomas E. Enebo" needsrestart="false" releasedate="2014/04/23">
    <manifest AutoUpdate-Show-In-Client="false" OpenIDE-Module="org.netbeans.modules.ruby.codecoverage" OpenIDE-Module-Display-Category="Ruby" OpenIDE-Module-Implementation-Version="140423" OpenIDE-Module-Java-Dependencies="Java &gt; 1.6" OpenIDE-Module-Module-Dependencies="org.netbeans.modules.extexecution/2 &gt; 1.13, org.netbeans.modules.gsf.codecoverage &gt; 1.1, org.netbeans.modules.projectapi/1 &gt; 1.19.1, org.netbeans.modules.ruby.platform/1 &gt; 0.37.0, org.netbeans.modules.ruby.rakeproject/1 &gt; 0.15, org.openide.awt &gt; 7.3.1, org.openide.dialogs &gt; 7.8.1, org.openide.filesystems &gt; 7.8, org.openide.modules &gt; 7.7.1, org.openide.util &gt; 8.0, org.openide.util.lookup &gt; 8.0" OpenIDE-Module-Name="Ruby Code Coverage Support" OpenIDE-Module-Requires="org.openide.modules.ModuleFormat1" OpenIDE-Module-Short-Description="Ruby Code Coverage Support" OpenIDE-Module-Specification-Version="1.6"/>
    
</module>

<module codenamebase="org.netbeans.modules.ruby.debugger" distribution="org-netbeans-modules-ruby-debugger.nbm" downloadsize="52396" homepage="" license="CF174EE3" moduleauthor="Thomas E. Enebo" needsrestart="false" releasedate="2014/04/23">
    <manifest AutoUpdate-Show-In-Client="false" OpenIDE-Module="org.netbeans.modules.ruby.debugger" OpenIDE-Module-Display-Category="Ruby" OpenIDE-Module-Implementation-Version="140423" OpenIDE-Module-Java-Dependencies="Java &gt; 1.6" OpenIDE-Module-Long-Description="Provides Ruby Debugger support for NetBeans. You might want to take a look at http://wiki.netbeans.org/wiki/view/RubyDebugging for more information, e.g. how to set up fast debugging support." OpenIDE-Module-Module-Dependencies="org.jdesktop.layout/1 &gt; 1.4, org.netbeans.api.debugger/1 &gt; 1.8, org.netbeans.api.progress/1 &gt; 1.9, org.netbeans.libs.jrubyparser/1 &gt; 1.0, org.netbeans.modules.extexecution/2 &gt; 1.13, org.netbeans.modules.options.api/1 &gt; 1.5, org.netbeans.modules.parsing.api/1 &gt; 1.55, org.netbeans.modules.ruby/1 &gt; 1.2, org.netbeans.modules.ruby.platform/1 &gt; 1.29, org.netbeans.modules.ruby.project/1 &gt; 0.80, org.netbeans.spi.debugger.ui/1 &gt; 2.13, org.netbeans.spi.viewmodel/2 &gt; 1.11, org.openide.awt &gt; 6.10, org.openide.dialogs &gt; 7.3, org.openide.filesystems &gt; 7.0, org.openide.loaders &gt; 6.0, org.openide.modules &gt; 7.2, org.openide.nodes &gt; 7.0, org.openide.text &gt; 6.21, org.openide.util &gt; 8.0, org.openide.util.lookup &gt; 8.0, org.openide.windows &gt; 6.12, org.rubyforge.debugcommons/0-1 &gt; 1.37" OpenIDE-Module-Name="Ruby Debugger" OpenIDE-Module-Requires="org.openide.modules.ModuleFormat1" OpenIDE-Module-Short-Description="Ruby Debugger" OpenIDE-Module-Specification-Version="0.111"/>
    
</module>

<module codenamebase="org.netbeans.modules.ruby" distribution="org-netbeans-modules-ruby.nbm" downloadsize="207783" homepage="" license="CF174EE3" moduleauthor="Thomas E. Enebo" needsrestart="true" releasedate="2014/04/23">
    <manifest AutoUpdate-Show-In-Client="false" OpenIDE-Module="org.netbeans.modules.ruby/1" OpenIDE-Module-Display-Category="Ruby" OpenIDE-Module-Implementation-Version="140423" OpenIDE-Module-Java-Dependencies="Java &gt; 1.6" OpenIDE-Module-Module-Dependencies="org.jdesktop.layout/1 &gt; 1.4, org.netbeans.api.annotations.common/1 &gt; 1.0, org.netbeans.api.java.classpath/1 &gt; 1.19, org.netbeans.libs.jrubyparser/1 &gt; 1.0, org.netbeans.modules.csl.api/2 &gt; 2.3, org.netbeans.modules.editor/3 &gt; 1.42, org.netbeans.modules.editor.bracesmatching/0-1 &gt; 1.8, org.netbeans.modules.editor.indent/2 &gt; 1.5, org.netbeans.modules.editor.lib/2-3 &gt; 2.1, org.netbeans.modules.editor.lib2/1 &gt; 1.4, org.netbeans.modules.editor.mimelookup/1 &gt; 1.6, org.netbeans.modules.editor.settings/1 &gt; 1.9, org.netbeans.modules.lexer/2 &gt; 1.25, org.netbeans.modules.options.api/1 &gt; 1.5, org.netbeans.modules.options.editor/1 &gt; 1.20, org.netbeans.modules.parsing.api/1 &gt; 1.55, org.netbeans.modules.projectapi/1 &gt; 1.3, org.netbeans.modules.ruby.platform/1 &gt; 1.26, org.netbeans.modules.ruby.rakeproject/1 &gt; 0.15, org.openide.awt &gt; 6.8.0.1, org.openide.dialogs &gt; 6.2, org.openide.filesystems &gt; 7.16, org.openide.loaders &gt; 5.11, org.openide.modules &gt; 7.2, org.openide.nodes &gt; 6.9.0.1, org.openide.text &gt; 6.16, org.openide.util &gt; 8.0, org.openide.util.lookup &gt; 8.0, org.openide.windows &gt; 6.9" OpenIDE-Module-Name="Ruby Editing" OpenIDE-Module-Requires="org.openide.modules.ModuleFormat1" OpenIDE-Module-Short-Description="Ruby Editing Support" OpenIDE-Module-Specification-Version="1.26"/>
    
</module>

<module codenamebase="org.netbeans.modules.ruby.extrahints" distribution="org-netbeans-modules-ruby-extrahints.nbm" downloadsize="9760" homepage="" license="CF174EE3" moduleauthor="Thomas E. Enebo" needsrestart="false" releasedate="2014/04/23">
    <manifest AutoUpdate-Show-In-Client="false" OpenIDE-Module="org.netbeans.modules.ruby.extrahints/1" OpenIDE-Module-Display-Category="Ruby" OpenIDE-Module-Implementation-Version="140423" OpenIDE-Module-Java-Dependencies="Java &gt; 1.6" OpenIDE-Module-Long-Description="Extra source code hints for Ruby" OpenIDE-Module-Module-Dependencies="org.jdesktop.layout/1 &gt; 1.4, org.netbeans.libs.jrubyparser/1 &gt; 1.0, org.netbeans.modules.csl.api/2 &gt; 2.1, org.netbeans.modules.editor.lib/2-3 &gt; 2.1, org.netbeans.modules.editor.lib2/1 &gt; 1.4, org.netbeans.modules.lexer/2 &gt; 1.12, org.netbeans.modules.parsing.api/1 &gt; 1.55, org.netbeans.modules.projectapi/1 &gt; 1.3, org.netbeans.modules.refactoring.api &gt; 1.0, org.netbeans.modules.ruby/1 &gt; 1.0, org.netbeans.modules.ruby.hints/1 &gt; 0.33.0, org.openide.awt &gt; 6.10, org.openide.dialogs &gt; 7.0, org.openide.filesystems &gt; 7.0, org.openide.loaders &gt; 5.11, org.openide.nodes &gt; 6.9.0.1, org.openide.text &gt; 6.16, org.openide.util &gt; 8.0, org.openide.util.lookup &gt; 8.0" OpenIDE-Module-Name="Ruby Extra Hints" OpenIDE-Module-Requires="org.openide.modules.ModuleFormat1" OpenIDE-Module-Short-Description="Extra source code hints for Ruby" OpenIDE-Module-Specification-Version="0.50"/>
    
</module>

<module codenamebase="org.netbeans.modules.ruby.hints" distribution="org-netbeans-modules-ruby-hints.nbm" downloadsize="52109" homepage="" license="CF174EE3" moduleauthor="Thomas E. Enebo" needsrestart="false" releasedate="2014/04/23">
    <manifest AutoUpdate-Show-In-Client="false" OpenIDE-Module="org.netbeans.modules.ruby.hints/1" OpenIDE-Module-Display-Category="Ruby" OpenIDE-Module-Implementation-Version="140423" OpenIDE-Module-Java-Dependencies="Java &gt; 1.6" OpenIDE-Module-Long-Description="Additional source code hints for Ruby" OpenIDE-Module-Module-Dependencies="org.jdesktop.layout/1 &gt; 1.4, org.netbeans.api.annotations.common/1 &gt; 1.0, org.netbeans.libs.jrubyparser/1 &gt; 1.0, org.netbeans.modules.csl.api/2 &gt; 2.1, org.netbeans.modules.diff/1 &gt; 1.16, org.netbeans.modules.editor.lib/2-3 &gt; 2.1, org.netbeans.modules.editor.lib2/1 &gt; 1.4, org.netbeans.modules.lexer/2 &gt; 1.12, org.netbeans.modules.options.api/1 &gt; 1.5, org.netbeans.modules.parsing.api/1 &gt; 1.55, org.netbeans.modules.projectapi/1 &gt; 1.3, org.netbeans.modules.refactoring.api &gt; 1.0, org.netbeans.modules.ruby/1 &gt; 1.0, org.netbeans.spi.editor.hints/0-1 &gt; 1.7, org.openide.awt &gt; 6.11, org.openide.dialogs &gt; 7.0, org.openide.filesystems &gt; 7.0, org.openide.loaders &gt; 5.11, org.openide.nodes &gt; 6.9.0.1, org.openide.text &gt; 6.16, org.openide.util &gt; 8.0, org.openide.util.lookup &gt; 8.0, org.openide.windows &gt; 6.2" OpenIDE-Module-Name="Ruby Hints" OpenIDE-Module-Requires="org.openide.modules.ModuleFormat1" OpenIDE-Module-Short-Description="Additional source code hints for Ruby" OpenIDE-Module-Specification-Version="0.47"/>
    
</module>

<module codenamebase="org.netbeans.modules.ruby.help" distribution="org-netbeans-modules-ruby-help.nbm" downloadsize="56977" homepage="" license="CF174EE3" moduleauthor="Thomas E. Enebo" needsrestart="false" releasedate="2014/04/23">
    <manifest AutoUpdate-Show-In-Client="false" OpenIDE-Module="org.netbeans.modules.ruby.help" OpenIDE-Module-Display-Category="Ruby" OpenIDE-Module-Implementation-Version="140423" OpenIDE-Module-Java-Dependencies="Java &gt; 1.4" OpenIDE-Module-Long-Description="Contains the actual JavaHelp content files for the Ruby Support" OpenIDE-Module-Module-Dependencies="org.netbeans.modules.javahelp/1 &gt; 2.12, org.openide.util &gt; 8.0, org.openide.util.lookup &gt; 8.0" OpenIDE-Module-Name="Ruby JavaHelp Content For NetBeans" OpenIDE-Module-Requires="org.openide.modules.ModuleFormat1" OpenIDE-Module-Short-Description="Online help pages for the IDE's Ruby support" OpenIDE-Module-Specification-Version="0.14"/>
    
</module>

<module codenamebase="org.netbeans.modules.ruby.javaint" distribution="org-netbeans-modules-ruby-javaint.nbm" downloadsize="19051" homepage="" license="CF174EE3" moduleauthor="Thomas E. Enebo" needsrestart="false" releasedate="2014/04/23">
    <manifest AutoUpdate-Show-In-Client="false" OpenIDE-Module="org.netbeans.modules.ruby.javaint/1" OpenIDE-Module-Display-Category="Ruby" OpenIDE-Module-Implementation-Version="140423" OpenIDE-Module-Java-Dependencies="Java &gt; 1.6" OpenIDE-Module-Long-Description="Support for accessing Java libraries using JRuby in Ruby projects" OpenIDE-Module-Module-Dependencies="org.netbeans.modules.projectapi/1 &gt; 1.13, org.netbeans.modules.projectuiapi/1 &gt; 1.23, org.netbeans.modules.ruby.project/1 &gt; 0.40, org.netbeans.modules.ruby.rakeproject/1 &gt; 0.10, org.openide.awt &gt; 6.10, org.openide.dialogs &gt; 7.3, org.openide.filesystems &gt; 7.19, org.openide.loaders &gt; 6.3, org.openide.nodes &gt; 7.0, org.openide.util &gt; 8.0, org.openide.util.lookup &gt; 8.0" OpenIDE-Module-Name="Ruby Java Integration" OpenIDE-Module-Requires="org.openide.modules.ModuleFormat1" OpenIDE-Module-Short-Description="Support for accessing Java libraries using JRuby in Ruby projects" OpenIDE-Module-Specification-Version="0.40"/>
    
</module>

<module codenamebase="org.netbeans.modules.ruby.railsprojects" distribution="org-netbeans-modules-ruby-railsprojects.nbm" downloadsize="127896" homepage="" license="CF174EE3" moduleauthor="Thomas E. Enebo" needsrestart="false" releasedate="2014/04/23">
    <manifest AutoUpdate-Show-In-Client="false" OpenIDE-Module="org.netbeans.modules.ruby.railsprojects/1" OpenIDE-Module-Display-Category="Ruby" OpenIDE-Module-Implementation-Version="140423" OpenIDE-Module-Java-Dependencies="Java &gt; 1.6" OpenIDE-Module-Module-Dependencies="org.jdesktop.layout/1 &gt; 1.4, org.netbeans.api.java.classpath/1 &gt; 1.19, org.netbeans.api.progress/1 &gt; 1.8.0.1, org.netbeans.modules.csl.api/2 &gt; 2.1, org.netbeans.modules.db/1 &gt; 1.25, org.netbeans.modules.db.mysql &gt; 0.1, org.netbeans.modules.editor.indent.project/0-1 &gt; 1.0, org.netbeans.modules.editor.lib/2-3 &gt; 2.1, org.netbeans.modules.extexecution/2 &gt; 1.13, org.netbeans.modules.options.api/1 &gt; 1.5, org.netbeans.modules.projectapi/1 &gt; 1.10, org.netbeans.modules.projectuiapi/1 &gt; 1.42, org.netbeans.modules.queries/1 &gt; 1.8, org.netbeans.modules.ruby/1 &gt; 1.16, org.netbeans.modules.ruby.codecoverage &gt; 1.0, org.netbeans.modules.ruby.platform/1 &gt; 1.28, org.netbeans.modules.ruby.project/1 &gt; 1.25, org.netbeans.modules.ruby.rakeproject/1 &gt; 0.19, org.netbeans.modules.ruby.rhtml/1 &gt; 0.66, org.netbeans.modules.web.common &gt; 1.1, org.netbeans.modules.server/0-1 &gt; 1.0, org.openide.actions &gt; 6.6.0.1, org.openide.awt &gt; 6.8.0.1, org.openide.dialogs &gt; 7.8, org.openide.execution &gt; 1.10, org.openide.filesystems &gt; 7.0, org.openide.io &gt; 1.11, org.openide.loaders &gt; 5.11, org.openide.modules &gt; 7.2, org.openide.nodes &gt; 6.9.0.1, org.openide.text &gt; 6.16, org.openide.util &gt; 8.0, org.openide.util.lookup &gt; 8.0, org.openide.windows &gt; 6.9" OpenIDE-Module-Name="Ruby on Rails Project Support" OpenIDE-Module-Needs="javax.script.ScriptEngine.freemarker" OpenIDE-Module-Requires="org.openide.modules.ModuleFormat1" OpenIDE-Module-Short-Description="Ruby on Rails Project Support" OpenIDE-Module-Specification-Version="1.11"/>
    
</module>

<module autoload="true" codenamebase="org.netbeans.modules.ruby.platform" distribution="org-netbeans-modules-ruby-platform.nbm" downloadsize="303143" homepage="" license="CF174EE3" moduleauthor="Thomas E. Enebo" needsrestart="false" releasedate="2014/04/23">
    <manifest AutoUpdate-Show-In-Client="false" OpenIDE-Module="org.netbeans.modules.ruby.platform/1" OpenIDE-Module-Display-Category="Ruby" OpenIDE-Module-Implementation-Version="140423" OpenIDE-Module-Java-Dependencies="Java &gt; 1.6" OpenIDE-Module-Long-Description="Provides APIs and a storage mechanism for configuration of different Ruby platforms, such as JRuby and native Ruby. Registered platforms can be searched for use in projects." OpenIDE-Module-Module-Dependencies="org.jdesktop.layout/1 &gt; 1.4, org.netbeans.api.annotations.common/1 &gt; 1.0, org.netbeans.api.progress/1 &gt; 1.11, org.netbeans.modules.csl.api/2 &gt; 2.1, org.netbeans.modules.extexecution/2 &gt; 1.13, org.netbeans.modules.options.api/1 &gt; 1.4, org.netbeans.modules.parsing.api/1 &gt; 1.55, org.netbeans.modules.projectapi/1 &gt; 1.14, org.netbeans.modules.projectuiapi/1 &gt; 1.25, org.netbeans.modules.queries/1 &gt; 1.11, org.netbeans.modules.ruby.rakeproject/1 &gt; 0.17, org.openide.awt &gt; 6.2, org.openide.dialogs &gt; 6.2, org.openide.execution &gt; 1.11, org.openide.explorer &gt; 6.8, org.openide.filesystems &gt; 6.2, org.openide.io &gt; 1.12, org.openide.loaders, org.openide.modules &gt; 6.2, org.openide.nodes &gt; 6.2, org.openide.text &gt; 6.17, org.openide.util &gt; 8.0, org.openide.util.lookup &gt; 8.0" OpenIDE-Module-Name="Ruby Platform" OpenIDE-Module-Requires="org.openide.modules.ModuleFormat1" OpenIDE-Module-Short-Description="Infrastructure and APIs for configuring and searching Ruby platforms." OpenIDE-Module-Specification-Version="1.33"/>
    
</module>

<module codenamebase="org.netbeans.modules.ruby.project" distribution="org-netbeans-modules-ruby-project.nbm" downloadsize="142174" homepage="" license="CF174EE3" moduleauthor="Thomas E. Enebo" needsrestart="false" releasedate="2014/04/23">
    <manifest AutoUpdate-Show-In-Client="false" OpenIDE-Module="org.netbeans.modules.ruby.project/1" OpenIDE-Module-Display-Category="Ruby" OpenIDE-Module-Implementation-Version="140423" OpenIDE-Module-Java-Dependencies="Java &gt; 1.6" OpenIDE-Module-Long-Description="Support for general Ruby projects" OpenIDE-Module-Module-Dependencies="org.jdesktop.layout/1 &gt; 1.4, org.jruby.jruby, org.netbeans.api.java.classpath/1 &gt; 1.19, org.netbeans.api.progress/1 &gt; 1.8, org.netbeans.libs.jrubyparser/1 &gt; 1.0, org.netbeans.modules.csl.api/2 &gt; 2.1, org.netbeans.modules.editor.indent.project/0-1 &gt; 1.0, org.netbeans.modules.editor.lib/2-3 &gt; 2.1, org.netbeans.modules.editor.lib2/1 &gt; 1.4, org.netbeans.modules.extexecution/2 &gt; 1.13, org.netbeans.modules.gototest/1, org.netbeans.modules.options.api/1 &gt; 1.4, org.netbeans.modules.parsing.api/1 &gt; 1.55, org.netbeans.modules.projectapi/1 &gt; 1.12, org.netbeans.modules.projectuiapi/1 &gt; 1.42, org.netbeans.modules.queries/1, org.netbeans.modules.ruby/1 &gt; 1.0, org.netbeans.modules.ruby.codecoverage &gt; 1.0, org.netbeans.modules.ruby.platform/1 &gt; 1.27, org.netbeans.modules.ruby.rakeproject/1 &gt; 0.19, org.openide.actions &gt; 6.2, org.openide.awt &gt; 6.2, org.openide.dialogs &gt; 7.8, org.openide.execution &gt; 1.2, org.openide.filesystems &gt; 7.19, org.openide.io &gt; 1.11, org.openide.loaders, org.openide.modules &gt; 6.2, org.openide.nodes &gt; 6.5, org.openide.text &gt; 6.16, org.openide.util &gt; 8.4, org.openide.util.lookup &gt; 8.0, org.openide.windows &gt; 6.2" OpenIDE-Module-Name="Ruby Projects" OpenIDE-Module-Needs="javax.script.ScriptEngine.freemarker" OpenIDE-Module-Requires="org.openide.modules.ModuleFormat1" OpenIDE-Module-Short-Description="Supports plain Ruby projects" OpenIDE-Module-Specification-Version="1.27"/>
    
</module>

<module codenamebase="org.netbeans.modules.ruby.refactoring" distribution="org-netbeans-modules-ruby-refactoring.nbm" downloadsize="46164" homepage="" license="CF174EE3" moduleauthor="Thomas E. Enebo" needsrestart="false" releasedate="2014/04/23">
    <manifest AutoUpdate-Show-In-Client="false" OpenIDE-Module="org.netbeans.modules.ruby.refactoring/1" OpenIDE-Module-Display-Category="Ruby" OpenIDE-Module-Implementation-Version="140423" OpenIDE-Module-Java-Dependencies="Java &gt; 1.6" OpenIDE-Module-Module-Dependencies="org.netbeans.api.java.classpath/1 &gt; 1.19, org.netbeans.libs.jrubyparser/1 &gt; 1.0, org.netbeans.modules.csl.api/2 &gt; 2.1, org.netbeans.modules.editor.lib/2-3 &gt; 2.1, org.netbeans.modules.editor.mimelookup/1 &gt; 1.6, org.netbeans.modules.editor.settings/1 &gt; 1.9, org.netbeans.modules.lexer/2 &gt; 1.25, org.netbeans.modules.parsing.api/1 &gt; 1.55, org.netbeans.modules.projectapi/1 &gt; 1.12, org.netbeans.modules.projectuiapi/1 &gt; 1.34, org.netbeans.modules.queries/1 &gt; 1.8, org.netbeans.modules.refactoring.api &gt; 1.0, org.netbeans.modules.ruby/1 &gt; 1.20, org.netbeans.modules.ruby.project/1 &gt; 0.77, org.netbeans.modules.ruby.rakeproject/1 &gt; 0.17, org.netbeans.modules.ruby.rhtml/1 &gt; 0.57.0, org.openide.awt &gt; 6.9, org.openide.explorer &gt; 6.8, org.openide.filesystems &gt; 7.0, org.openide.loaders &gt; 5.11, org.openide.nodes &gt; 6.9.0.1, org.openide.text &gt; 6.16, org.openide.util &gt; 8.0, org.openide.util.lookup &gt; 8.0, org.openide.windows &gt; 6.12" OpenIDE-Module-Name="Ruby Refactoring" OpenIDE-Module-Requires="org.openide.modules.ModuleFormat1" OpenIDE-Module-Short-Description="Ruby Refactoring Support" OpenIDE-Module-Specification-Version="0.71"/>
    
</module>

<module codenamebase="org.netbeans.modules.spellchecker.bindings.ruby" distribution="org-netbeans-modules-spellchecker-bindings-ruby.nbm" downloadsize="11134" eager="true" homepage="http://spellchecker.netbeans.org" license="CF174EE3" moduleauthor="Thomas E. Enebo" needsrestart="false" releasedate="2014/04/23">
    <manifest AutoUpdate-Show-In-Client="false" OpenIDE-Module="org.netbeans.modules.spellchecker.bindings.ruby" OpenIDE-Module-Display-Category="Ruby" OpenIDE-Module-Implementation-Version="140423" OpenIDE-Module-Java-Dependencies="Java &gt; 1.5" OpenIDE-Module-Long-Description="Spell checker Language bindings for Ruby" OpenIDE-Module-Module-Dependencies="org.netbeans.modules.editor/3 &gt; 1.41, org.netbeans.modules.editor.lib/2-3 &gt; 2.1, org.netbeans.modules.html.lexer/1 &gt; 1.1, org.netbeans.modules.lexer/2 &gt; 1.12.0, org.netbeans.modules.ruby/1 &gt; 0.62.0, org.netbeans.modules.ruby.rhtml/1 &gt; 0.57.0, org.netbeans.modules.spellchecker.apimodule &gt; 1.0, org.openide.filesystems &gt; 7.37, org.openide.util &gt; 8.2, org.openide.util.lookup &gt; 8.2" OpenIDE-Module-Name="Spellchecker Ruby Language Bindings" OpenIDE-Module-Requires="org.openide.modules.ModuleFormat1" OpenIDE-Module-Short-Description="Spellchecker Ruby Language Bindings" OpenIDE-Module-Specification-Version="1.7"/>
    
</module>

</module_group>

<license name="CF174EE3" url="licenses/CF174EE3.license"/>
</module_updates>

